<ticker>,<name>,<per>,<date>,<open>,<high>,<low>,<close>,<vol>,<o/i>
0195,BINACOM,D,20180108,0.6000,0.6500,0.5500,0.5900,72639800,0
0195,BINACOM,D,20180109,0.5950,0.6000,0.5650,0.5700,18946700,0
0195,BINACOM,D,20180110,0.5750,0.6050,0.5700,0.5800,19592900,0
0195,BINACOM,D,20180111,0.5800,0.5850,0.5650,0.5700,3402800,0
0195,BINACOM,D,20180112,0.5800,0.5850,0.5700,0.5800,8703000,0
0195,BINACOM,D,20180115,0.5850,0.5950,0.5700,0.5700,8326800,0
0195,BINACOM,D,20180116,0.5750,0.5750,0.5550,0.5650,4757700,0
0195,BINACOM,D,20180117,0.5550,0.5700,0.5350,0.5450,5744700,0
0195,BINACOM,D,20180118,0.5400,0.5400,0.5200,0.5300,3858900,0
0195,BINACOM,D,20180119,0.5350,0.5700,0.5350,0.5600,11252600,0
0195,BINACOM,D,20180122,0.5600,0.5650,0.5450,0.5500,2180800,0
0195,BINACOM,D,20180123,0.5500,0.5600,0.5450,0.5500,953100,0
0195,BINACOM,D,20180124,0.5500,0.5500,0.5400,0.5500,1058300,0
0195,BINACOM,D,20180125,0.5500,0.5500,0.5350,0.5400,1467300,0
0195,BINACOM,D,20180126,0.5400,0.5600,0.5350,0.5500,2939500,0
0195,BINACOM,D,20180129,0.5550,0.5550,0.5350,0.5350,1838600,0
0195,BINACOM,D,20180130,0.5300,0.5350,0.5250,0.5350,1240500,0
0195,BINACOM,D,20180202,0.5250,0.5300,0.5200,0.5250,641200,0
0195,BINACOM,D,20180205,0.5100,0.5150,0.4900,0.4950,2533700,0
0195,BINACOM,D,20180206,0.4800,0.4800,0.4500,0.4750,4163600,0
0195,BINACOM,D,20180207,0.4850,0.4950,0.4700,0.4700,1868500,0
0195,BINACOM,D,20180208,0.4750,0.4750,0.4700,0.4700,255500,0
0195,BINACOM,D,20180209,0.4550,0.4650,0.4550,0.4600,788000,0
0195,BINACOM,D,20180212,0.4650,0.4650,0.4600,0.4600,428800,0
0195,BINACOM,D,20180213,0.4650,0.4700,0.4600,0.4700,318700,0
0195,BINACOM,D,20180214,0.4700,0.4900,0.4700,0.4750,931000,0
0195,BINACOM,D,20180215,0.4850,0.4950,0.4800,0.4900,434000,0
0195,BINACOM,D,20180219,0.4950,0.5100,0.4950,0.5000,548000,0
0195,BINACOM,D,20180220,0.5000,0.5000,0.4850,0.4850,494500,0
0195,BINACOM,D,20180221,0.4850,0.5050,0.4850,0.5050,353000,0
0195,BINACOM,D,20180222,0.4900,0.4950,0.4850,0.4950,466400,0
0195,BINACOM,D,20180223,0.4900,0.5000,0.4850,0.4950,207900,0
0195,BINACOM,D,20180226,0.4900,0.4950,0.4800,0.4800,922000,0
0195,BINACOM,D,20180227,0.4800,0.4800,0.4650,0.4650,785800,0
0195,BINACOM,D,20180228,0.4800,0.4900,0.4650,0.4900,864500,0
0195,BINACOM,D,20180301,0.4800,0.4900,0.4700,0.4700,548800,0
0195,BINACOM,D,20180302,0.4700,0.4800,0.4650,0.4750,311800,0
0195,BINACOM,D,20180305,0.4700,0.4700,0.4550,0.4600,918100,0
0195,BINACOM,D,20180306,0.4600,0.4650,0.4600,0.4600,400100,0
0195,BINACOM,D,20180307,0.4600,0.4600,0.4150,0.4200,1665900,0
0195,BINACOM,D,20180308,0.4200,0.4300,0.4150,0.4250,496000,0
0195,BINACOM,D,20180309,0.4200,0.4350,0.4150,0.4150,605300,0
0195,BINACOM,D,20180312,0.4150,0.4250,0.4050,0.4100,771100,0
0195,BINACOM,D,20180313,0.4150,0.4200,0.4150,0.4200,108500,0
0195,BINACOM,D,20180314,0.4200,0.4200,0.3850,0.3950,1755900,0
0195,BINACOM,D,20180315,0.3850,0.4050,0.3850,0.4050,937200,0
0195,BINACOM,D,20180316,0.4000,0.4000,0.3850,0.3900,389400,0
0195,BINACOM,D,20180319,0.3900,0.3950,0.3700,0.3700,2346600,0
0195,BINACOM,D,20180320,0.3700,0.3800,0.3650,0.3700,844500,0
0195,BINACOM,D,20180321,0.3650,0.3700,0.3600,0.3700,977700,0
0195,BINACOM,D,20180322,0.3700,0.3850,0.3700,0.3750,1994000,0
0195,BINACOM,D,20180323,0.3700,0.3800,0.3650,0.3700,340300,0
0195,BINACOM,D,20180326,0.3750,0.3750,0.3700,0.3700,187500,0
0195,BINACOM,D,20180327,0.3750,0.3800,0.3750,0.3750,648500,0
0195,BINACOM,D,20180328,0.3750,0.3750,0.3700,0.3700,484600,0
0195,BINACOM,D,20180329,0.3700,0.3750,0.3700,0.3750,376900,0
0195,BINACOM,D,20180330,0.3750,0.4050,0.3750,0.4000,1501700,0
0195,BINACOM,D,20180402,0.4000,0.4300,0.3900,0.4000,2002300,0
0195,BINACOM,D,20180403,0.4000,0.4150,0.3950,0.4050,358100,0
0195,BINACOM,D,20180404,0.4150,0.4150,0.3550,0.3600,1684500,0
0195,BINACOM,D,20180405,0.3750,0.3800,0.3700,0.3700,1243100,0
0195,BINACOM,D,20180406,0.3700,0.3750,0.3650,0.3700,862000,0
0195,BINACOM,D,20180409,0.3700,0.4000,0.3650,0.3950,1023900,0
0195,BINACOM,D,20180410,0.4000,0.4300,0.3950,0.4250,1999600,0
0195,BINACOM,D,20180411,0.4250,0.4250,0.4100,0.4150,400200,0
0195,BINACOM,D,20180412,0.4100,0.4200,0.4050,0.4100,178100,0
0195,BINACOM,D,20180413,0.4200,0.4250,0.4150,0.4150,331700,0
0195,BINACOM,D,20180416,0.4150,0.4150,0.4050,0.4100,346500,0
0195,BINACOM,D,20180417,0.4100,0.4450,0.4100,0.4400,2328600,0
0195,BINACOM,D,20180418,0.4450,0.4500,0.4350,0.4400,1297700,0
0195,BINACOM,D,20180419,0.4400,0.4450,0.4300,0.4350,352300,0
0195,BINACOM,D,20180420,0.4300,0.4350,0.4200,0.4300,570600,0
0195,BINACOM,D,20180423,0.4300,0.4300,0.4100,0.4100,837300,0
0195,BINACOM,D,20180424,0.4100,0.4250,0.4050,0.4150,524500,0
0195,BINACOM,D,20180425,0.4050,0.4100,0.4000,0.4000,388000,0
0195,BINACOM,D,20180426,0.4000,0.4100,0.3900,0.3950,428100,0
0195,BINACOM,D,20180427,0.4000,0.4000,0.3950,0.3950,141900,0
0195,BINACOM,D,20180430,0.4050,0.4100,0.4000,0.4050,275800,0
0195,BINACOM,D,20180502,0.4050,0.4050,0.3950,0.4000,283200,0
0195,BINACOM,D,20180503,0.3950,0.3950,0.3900,0.3950,103000,0
0195,BINACOM,D,20180504,0.3950,0.4200,0.3950,0.4150,1176900,0
0195,BINACOM,D,20180507,0.4200,0.4200,0.3900,0.4000,702700,0
0195,BINACOM,D,20180508,0.4000,0.4200,0.4000,0.4200,570700,0
0195,BINACOM,D,20180514,0.4100,0.4500,0.3900,0.4400,1239300,0
0195,BINACOM,D,20180515,0.4250,0.4350,0.4250,0.4300,275600,0
0195,BINACOM,D,20180516,0.4250,0.4350,0.4250,0.4350,246000,0
0195,BINACOM,D,20180517,0.4350,0.4400,0.4300,0.4300,99600,0
0195,BINACOM,D,20180518,0.4250,0.4350,0.4200,0.4200,479500,0
0195,BINACOM,D,20180521,0.4300,0.4300,0.4200,0.4200,286600,0
0195,BINACOM,D,20180522,0.4250,0.4400,0.4250,0.4250,363600,0
0195,BINACOM,D,20180523,0.4200,0.4200,0.4150,0.4150,321500,0
0195,BINACOM,D,20180524,0.4150,0.4200,0.4000,0.4100,744000,0
0195,BINACOM,D,20180525,0.4100,0.4200,0.4100,0.4200,529500,0
0195,BINACOM,D,20180528,0.4400,0.4550,0.4400,0.4500,2897400,0
0195,BINACOM,D,20180530,0.4500,0.4500,0.4250,0.4300,578300,0
0195,BINACOM,D,20180531,0.4300,0.4450,0.4300,0.4400,763900,0
0195,BINACOM,D,20180601,0.4400,0.4450,0.4300,0.4350,499200,0
0195,BINACOM,D,20180604,0.4400,0.4950,0.4400,0.4900,4799300,0
0195,BINACOM,D,20180605,0.4950,0.5250,0.4900,0.5000,12821200,0
0195,BINACOM,D,20180606,0.4950,0.5050,0.4800,0.4800,4041200,0
0195,BINACOM,D,20180607,0.4800,0.5100,0.4700,0.4700,8770400,0
0195,BINACOM,D,20180608,0.4750,0.4850,0.4700,0.4800,2217300,0
0195,BINACOM,D,20180611,0.4900,0.5050,0.4850,0.4850,7002400,0
0195,BINACOM,D,20180612,0.4850,0.4900,0.4750,0.4800,1961600,0
0195,BINACOM,D,20180613,0.4800,0.4900,0.4700,0.4750,3422000,0
0195,BINACOM,D,20180614,0.4800,0.4850,0.4750,0.4850,1128500,0
0195,BINACOM,D,20180618,0.4800,0.5000,0.4800,0.4800,4544700,0
0195,BINACOM,D,20180619,0.4800,0.4800,0.4200,0.4350,9203700,0
0195,BINACOM,D,20180620,0.4400,0.4500,0.4350,0.4400,3123100,0
0195,BINACOM,D,20180621,0.4450,0.4450,0.4300,0.4400,1377700,0
0195,BINACOM,D,20180622,0.4400,0.4450,0.4300,0.4400,923900,0
0195,BINACOM,D,20180625,0.4450,0.4450,0.4050,0.4050,4759800,0
0195,BINACOM,D,20180626,0.4050,0.4100,0.3950,0.3950,5580000,0
0195,BINACOM,D,20180627,0.4000,0.4150,0.3950,0.3950,3308900,0
0195,BINACOM,D,20180628,0.4000,0.4100,0.3900,0.4100,1218800,0
0195,BINACOM,D,20180629,0.4100,0.4200,0.4050,0.4150,2537800,0
0195,BINACOM,D,20180702,0.4150,0.4150,0.4050,0.4100,410800,0
0195,BINACOM,D,20180703,0.4100,0.4200,0.4000,0.4100,1847800,0
0195,BINACOM,D,20180704,0.4150,0.4150,0.4050,0.4150,962000,0
0195,BINACOM,D,20180705,0.4150,0.4200,0.4050,0.4150,1802700,0
0195,BINACOM,D,20180706,0.4100,0.4100,0.4000,0.4050,2457400,0
0195,BINACOM,D,20180709,0.4050,0.4050,0.3900,0.4050,1885300,0
0195,BINACOM,D,20180710,0.4050,0.4050,0.4000,0.4000,1271700,0
0195,BINACOM,D,20180711,0.4000,0.4000,0.3950,0.3950,617900,0
0195,BINACOM,D,20180712,0.3950,0.4100,0.3950,0.4050,1833400,0
0195,BINACOM,D,20180713,0.4100,0.4350,0.4050,0.4300,5794200,0
0195,BINACOM,D,20180716,0.4350,0.4350,0.4200,0.4300,1423400,0
0195,BINACOM,D,20180717,0.4300,0.4500,0.4300,0.4400,3519500,0
0195,BINACOM,D,20180718,0.4400,0.4550,0.4400,0.4450,1737600,0
0195,BINACOM,D,20180719,0.4450,0.4550,0.4400,0.4500,2165800,0
0195,BINACOM,D,20180720,0.4500,0.4500,0.4400,0.4400,850000,0
0195,BINACOM,D,20180723,0.4350,0.4600,0.4300,0.4550,3543400,0
0195,BINACOM,D,20180724,0.4650,0.4750,0.4600,0.4700,4574100,0
0195,BINACOM,D,20180725,0.4700,0.4700,0.4550,0.4600,1085200,0
0195,BINACOM,D,20180726,0.4550,0.4600,0.4450,0.4500,926100,0
0195,BINACOM,D,20180727,0.4450,0.4550,0.4350,0.4500,1739000,0
0195,BINACOM,D,20180730,0.4550,0.4600,0.4500,0.4500,1162100,0
0195,BINACOM,D,20180731,0.4500,0.4500,0.4450,0.4450,767900,0
0195,BINACOM,D,20180801,0.4500,0.4550,0.4450,0.4450,1134600,0
0195,BINACOM,D,20180802,0.4450,0.4450,0.4250,0.4300,1842400,0
0195,BINACOM,D,20180803,0.4300,0.4350,0.4250,0.4350,865000,0
0195,BINACOM,D,20180806,0.4350,0.4550,0.4350,0.4450,977100,0
0195,BINACOM,D,20180807,0.4500,0.4650,0.4500,0.4550,3304600,0
0195,BINACOM,D,20180808,0.4600,0.4650,0.4500,0.4550,1005800,0
0195,BINACOM,D,20180809,0.4550,0.4700,0.4500,0.4600,3082500,0
0195,BINACOM,D,20180810,0.4600,0.4650,0.4550,0.4600,782300,0
0195,BINACOM,D,20180813,0.4600,0.4600,0.4500,0.4500,1778300,0
0195,BINACOM,D,20180814,0.4500,0.4700,0.4500,0.4650,2198900,0
0195,BINACOM,D,20180815,0.4650,0.4700,0.4550,0.4650,2705000,0
0195,BINACOM,D,20180816,0.4600,0.4650,0.4500,0.4550,1144100,0
0195,BINACOM,D,20180817,0.4550,0.4650,0.4350,0.4350,4746800,0
0195,BINACOM,D,20180820,0.4350,0.4500,0.4350,0.4500,1211200,0
0195,BINACOM,D,20180821,0.4500,0.4550,0.4400,0.4450,1563600,0
0195,BINACOM,D,20180823,0.4450,0.4500,0.4450,0.4450,389000,0
0195,BINACOM,D,20180824,0.4400,0.4500,0.4400,0.4450,595500,0
0195,BINACOM,D,20180827,0.4450,0.4450,0.4400,0.4400,337900,0
0195,BINACOM,D,20180828,0.4450,0.4550,0.4350,0.4550,782700,0
0195,BINACOM,D,20180829,0.4450,0.4600,0.4450,0.4550,659900,0
0195,BINACOM,D,20180830,0.4400,0.4400,0.4250,0.4300,3472400,0
0195,BINACOM,D,20180903,0.4250,0.4300,0.3950,0.4250,1505600,0
0195,BINACOM,D,20180904,0.4300,0.4300,0.4150,0.4300,538900,0
0195,BINACOM,D,20180905,0.4200,0.4300,0.4150,0.4300,961400,0
0195,BINACOM,D,20180906,0.4250,0.4350,0.4250,0.4300,1052800,0
0195,BINACOM,D,20180907,0.4350,0.4350,0.4250,0.4250,109000,0
0195,BINACOM,D,20180912,0.4200,0.4250,0.3900,0.4200,2128400,0
0195,BINACOM,D,20180913,0.4050,0.4300,0.4050,0.4250,553600,0
0195,BINACOM,D,20180914,0.4250,0.4250,0.4150,0.4150,312700,0
0195,BINACOM,D,20180918,0.4150,0.4250,0.4100,0.4250,367500,0
0195,BINACOM,D,20180919,0.4250,0.4400,0.4250,0.4350,1115000,0
0195,BINACOM,D,20180920,0.4400,0.4400,0.4300,0.4400,294600,0
0195,BINACOM,D,20180921,0.4400,0.4450,0.4350,0.4400,454500,0
0195,BINACOM,D,20180924,0.4400,0.4400,0.4250,0.4250,286000,0
0195,BINACOM,D,20180925,0.4300,0.4300,0.4250,0.4300,213000,0
0195,BINACOM,D,20180926,0.4250,0.4400,0.4250,0.4400,765100,0
0195,BINACOM,D,20180927,0.4350,0.4350,0.4300,0.4300,203900,0
0195,BINACOM,D,20180928,0.4300,0.4350,0.4300,0.4350,583900,0
0195,BINACOM,D,20181001,0.4300,0.4400,0.4300,0.4300,147500,0
0195,BINACOM,D,20181002,0.4300,0.4350,0.4300,0.4350,566200,0
0195,BINACOM,D,20181003,0.4300,0.4500,0.4300,0.4450,678000,0
0195,BINACOM,D,20181004,0.4500,0.4650,0.4450,0.4600,4575300,0
0195,BINACOM,D,20181005,0.4600,0.4600,0.4500,0.4500,669900,0
0195,BINACOM,D,20181008,0.4500,0.4500,0.4300,0.4400,351200,0
0195,BINACOM,D,20181009,0.4350,0.4350,0.4300,0.4300,139100,0
0195,BINACOM,D,20181010,0.4250,0.4300,0.4100,0.4200,1521700,0
0195,BINACOM,D,20181011,0.4050,0.4050,0.3900,0.4050,2928000,0
0195,BINACOM,D,20181012,0.4050,0.4100,0.4050,0.4050,273800,0
0195,BINACOM,D,20181015,0.4050,0.4050,0.4000,0.4000,503500,0
0195,BINACOM,D,20181016,0.4100,0.4100,0.4000,0.4100,284900,0
0195,BINACOM,D,20181017,0.4050,0.4050,0.4050,0.4050,122500,0
0195,BINACOM,D,20181018,0.4100,0.4200,0.4100,0.4200,315200,0
0195,BINACOM,D,20181019,0.4100,0.4150,0.4100,0.4150,421700,0
0195,BINACOM,D,20181022,0.4050,0.4150,0.4050,0.4150,73400,0
0195,BINACOM,D,20181023,0.4150,0.4150,0.4050,0.4050,193700,0
0195,BINACOM,D,20181024,0.4050,0.4100,0.4000,0.4000,185100,0
0195,BINACOM,D,20181025,0.4000,0.4000,0.3900,0.4000,708700,0
0195,BINACOM,D,20181026,0.4000,0.4000,0.3950,0.3950,755900,0
0195,BINACOM,D,20181029,0.3950,0.3950,0.3900,0.3900,255200,0
0195,BINACOM,D,20181030,0.4000,0.4000,0.3900,0.3950,74600,0
0195,BINACOM,D,20181031,0.4000,0.4100,0.4000,0.4100,248800,0
0195,BINACOM,D,20181101,0.4100,0.4200,0.4100,0.4100,233400,0
0195,BINACOM,D,20181102,0.4150,0.4250,0.4150,0.4200,123500,0
0195,BINACOM,D,20181105,0.4200,0.4200,0.4100,0.4200,236000,0
0195,BINACOM,D,20181107,0.4150,0.4200,0.4150,0.4150,251700,0
0195,BINACOM,D,20181108,0.4250,0.4250,0.4150,0.4200,35900,0
0195,BINACOM,D,20181109,0.4200,0.4200,0.4150,0.4150,147200,0
0195,BINACOM,D,20181112,0.4150,0.4150,0.4100,0.4150,145200,0
0195,BINACOM,D,20181113,0.4050,0.4150,0.4000,0.4150,522400,0
0195,BINACOM,D,20181114,0.4100,0.4100,0.4100,0.4100,100000,0
0195,BINACOM,D,20181115,0.4100,0.4100,0.4100,0.4100,128500,0
0195,BINACOM,D,20181116,0.4050,0.4300,0.4050,0.4200,605700,0
0195,BINACOM,D,20181119,0.4200,0.4200,0.4150,0.4150,84600,0
0195,BINACOM,D,20181121,0.4100,0.4100,0.4050,0.4050,360500,0
0195,BINACOM,D,20181122,0.4050,0.4050,0.4050,0.4050,36000,0
0195,BINACOM,D,20181123,0.4000,0.4000,0.4000,0.4000,66000,0
0195,BINACOM,D,20181126,0.4050,0.4100,0.4000,0.4100,68500,0
0195,BINACOM,D,20181127,0.4100,0.4100,0.4000,0.4000,221500,0
0195,BINACOM,D,20181128,0.4050,0.4050,0.4050,0.4050,36500,0
0195,BINACOM,D,20181129,0.4050,0.4050,0.4000,0.4050,181100,0
0195,BINACOM,D,20181130,0.3950,0.3950,0.3850,0.3950,552900,0
0195,BINACOM,D,20181203,0.3950,0.3950,0.3900,0.3950,233500,0
0195,BINACOM,D,20181204,0.3900,0.3900,0.3850,0.3850,92000,0
0195,BINACOM,D,20181205,0.3850,0.3850,0.3750,0.3850,268500,0
0195,BINACOM,D,20181206,0.3850,0.3900,0.3800,0.3900,223500,0
0195,BINACOM,D,20181207,0.3800,0.3900,0.3800,0.3900,110000,0
0195,BINACOM,D,20181210,0.3750,0.3750,0.3600,0.3650,127600,0
0195,BINACOM,D,20181211,0.3650,0.3750,0.3650,0.3750,80000,0
0195,BINACOM,D,20181212,0.3700,0.3850,0.3650,0.3850,426400,0
0195,BINACOM,D,20181213,0.3800,0.3800,0.3800,0.3800,3300,0
0195,BINACOM,D,20181214,0.3650,0.3800,0.3650,0.3800,175800,0
0195,BINACOM,D,20181217,0.3650,0.3750,0.3650,0.3750,169900,0
0195,BINACOM,D,20181218,0.3650,0.3750,0.3600,0.3750,150000,0
0195,BINACOM,D,20181219,0.3750,0.3900,0.3700,0.3900,118500,0
0195,BINACOM,D,20181220,0.3800,0.3800,0.3700,0.3800,419300,0
0195,BINACOM,D,20181221,0.3700,0.3800,0.3650,0.3800,339500,0
0195,BINACOM,D,20181224,0.3700,0.3850,0.3650,0.3850,286200,0
0195,BINACOM,D,20181226,0.3650,0.3850,0.3650,0.3800,244500,0
0195,BINACOM,D,20181227,0.3850,0.3850,0.3750,0.3800,575500,0
0195,BINACOM,D,20181228,0.3800,0.3800,0.3800,0.3800,0,0
0195,BINACOM,D,20181231,0.3750,0.3800,0.3700,0.3750,243500,0
0195,BINACOM,D,20190102,0.3700,0.3850,0.3700,0.3850,207400,0
0195,BINACOM,D,20190103,0.3850,0.3850,0.3750,0.3750,2700,0
0195,BINACOM,D,20190104,0.3750,0.3750,0.3700,0.3750,260000,0
0195,BINACOM,D,20190107,0.3800,0.3850,0.3800,0.3800,218900,0
0195,BINACOM,D,20190108,0.3750,0.3800,0.3750,0.3800,5000,0
0195,BINACOM,D,20190109,0.3850,0.3900,0.3850,0.3900,301800,0
0195,BINACOM,D,20190110,0.3850,0.3900,0.3800,0.3850,383800,0
0195,BINACOM,D,20190111,0.3850,0.3900,0.3850,0.3900,696600,0
0195,BINACOM,D,20190114,0.3850,0.3850,0.3800,0.3800,266000,0
0195,BINACOM,D,20190115,0.3800,0.3800,0.3700,0.3700,232000,0
0195,BINACOM,D,20190116,0.3700,0.3750,0.3700,0.3700,82700,0
0195,BINACOM,D,20190117,0.3700,0.3750,0.3700,0.3750,512800,0
0195,BINACOM,D,20190118,0.3750,0.3850,0.3750,0.3750,273700,0
0195,BINACOM,D,20190122,0.3750,0.3800,0.3750,0.3750,173600,0
0195,BINACOM,D,20190123,0.3750,0.3850,0.3700,0.3800,523700,0
0195,BINACOM,D,20190124,0.3800,0.3900,0.3800,0.3900,537400,0
0195,BINACOM,D,20190125,0.3900,0.3900,0.3850,0.3900,242000,0
0195,BINACOM,D,20190128,0.3900,0.4100,0.3850,0.4050,1330700,0
0195,BINACOM,D,20190129,0.4000,0.4200,0.4000,0.4200,2203200,0
0195,BINACOM,D,20190130,0.4200,0.4250,0.4000,0.4050,889300,0
0195,BINACOM,D,20190131,0.4000,0.4000,0.3950,0.4000,316700,0
0195,BINACOM,D,20190204,0.4000,0.4200,0.3900,0.4200,107400,0
0195,BINACOM,D,20190207,0.4050,0.4050,0.3900,0.4000,146500,0
0195,BINACOM,D,20190208,0.4000,0.4050,0.3950,0.3950,185500,0
0195,BINACOM,D,20190211,0.4000,0.4150,0.4000,0.4100,148500,0
0195,BINACOM,D,20190212,0.4100,0.4100,0.4000,0.4050,173400,0
0195,BINACOM,D,20190213,0.4050,0.4050,0.4000,0.4000,398500,0
0195,BINACOM,D,20190214,0.4100,0.4100,0.4050,0.4050,376300,0
0195,BINACOM,D,20190215,0.4050,0.4100,0.4050,0.4050,374100,0
0195,BINACOM,D,20190218,0.4050,0.4050,0.4000,0.4000,216900,0
0195,BINACOM,D,20190219,0.4000,0.4050,0.4000,0.4000,231400,0
0195,BINACOM,D,20190220,0.4000,0.4050,0.4000,0.4050,485700,0
0195,BINACOM,D,20190221,0.4100,0.4300,0.4100,0.4150,1017100,0
0195,BINACOM,D,20190222,0.4200,0.4200,0.4100,0.4150,301000,0
0195,BINACOM,D,20190225,0.4150,0.4150,0.4150,0.4150,173000,0
0195,BINACOM,D,20190226,0.4100,0.4100,0.3950,0.4050,299000,0
0195,BINACOM,D,20190227,0.4050,0.4100,0.4050,0.4100,216200,0
0195,BINACOM,D,20190228,0.4100,0.4100,0.4000,0.4000,185000,0
0195,BINACOM,D,20190301,0.4000,0.4050,0.4000,0.4000,123000,0
0195,BINACOM,D,20190304,0.4050,0.4050,0.4050,0.4050,26300,0
0195,BINACOM,D,20190305,0.4050,0.4050,0.4000,0.4050,435000,0
0195,BINACOM,D,20190306,0.4050,0.4100,0.4050,0.4050,329700,0
0195,BINACOM,D,20190307,0.4050,0.4050,0.4050,0.4050,48900,0
0195,BINACOM,D,20190308,0.4050,0.4050,0.4000,0.4000,533800,0
0195,BINACOM,D,20190311,0.4000,0.4000,0.4000,0.4000,104300,0
0195,BINACOM,D,20190312,0.4000,0.4000,0.4000,0.4000,432600,0
0195,BINACOM,D,20190313,0.4000,0.4000,0.3950,0.4000,326100,0
0195,BINACOM,D,20190314,0.4000,0.4100,0.3950,0.4100,193600,0
0195,BINACOM,D,20190315,0.4100,0.4100,0.4000,0.4050,170700,0
0195,BINACOM,D,20190318,0.4050,0.4050,0.4000,0.4000,30000,0
0195,BINACOM,D,20190319,0.4000,0.4050,0.3950,0.4000,109700,0
0195,BINACOM,D,20190320,0.4000,0.4000,0.4000,0.4000,202000,0
0195,BINACOM,D,20190321,0.3950,0.3950,0.3900,0.3900,352700,0
0195,BINACOM,D,20190322,0.3900,0.3900,0.3900,0.3900,191600,0
0195,BINACOM,D,20190325,0.3850,0.4000,0.3850,0.3900,87800,0
0195,BINACOM,D,20190326,0.3900,0.3950,0.3850,0.3900,132700,0
0195,BINACOM,D,20190327,0.3900,0.3900,0.3900,0.3900,0,0
0195,BINACOM,D,20190328,0.3800,0.3950,0.3800,0.3950,16200,0
0195,BINACOM,D,20190329,0.3950,0.3950,0.3950,0.3950,0,0
0195,BINACOM,D,20190401,0.3850,0.3950,0.3850,0.3950,50000,0
0195,BINACOM,D,20190402,0.3950,0.3950,0.3950,0.3950,0,0
0195,BINACOM,D,20190403,0.3950,0.4050,0.3900,0.4050,2496200,0
0195,BINACOM,D,20190404,0.4000,0.4000,0.3900,0.3900,506800,0
0195,BINACOM,D,20190405,0.3850,0.3900,0.3850,0.3900,92500,0
0195,BINACOM,D,20190408,0.3900,0.3900,0.3850,0.3850,177800,0
0195,BINACOM,D,20190409,0.3850,0.3900,0.3800,0.3850,355800,0
0195,BINACOM,D,20190410,0.3900,0.3900,0.3800,0.3850,588500,0
0195,BINACOM,D,20190411,0.3850,0.3850,0.3800,0.3800,444700,0
0195,BINACOM,D,20190412,0.3800,0.3850,0.3800,0.3850,200100,0
0195,BINACOM,D,20190415,0.3850,0.3950,0.3850,0.3900,640000,0
0195,BINACOM,D,20190416,0.3900,0.3900,0.3850,0.3850,169000,0
0195,BINACOM,D,20190417,0.3850,0.3850,0.3750,0.3750,267900,0
0195,BINACOM,D,20190418,0.3750,0.3800,0.3750,0.3800,85500,0
0195,BINACOM,D,20190419,0.3850,0.3900,0.3800,0.3800,214000,0
0195,BINACOM,D,20190422,0.3850,0.3850,0.3850,0.3850,133000,0
0195,BINACOM,D,20190423,0.3850,0.3950,0.3800,0.3900,678200,0
0195,BINACOM,D,20190424,0.3950,0.3950,0.3900,0.3900,304800,0
0195,BINACOM,D,20190425,0.3900,0.4000,0.3900,0.3950,387700,0
0195,BINACOM,D,20190426,0.3950,0.3950,0.3900,0.3900,129600,0
0195,BINACOM,D,20190429,0.3850,0.3850,0.3850,0.3850,40000,0
0195,BINACOM,D,20190430,0.3850,0.3850,0.3850,0.3850,43000,0
0195,BINACOM,D,20190502,0.3800,0.3800,0.3750,0.3800,164100,0
0195,BINACOM,D,20190503,0.3800,0.3800,0.3800,0.3800,10000,0
0195,BINACOM,D,20190506,0.3800,0.3850,0.3750,0.3800,160700,0
0195,BINACOM,D,20190507,0.3800,0.3800,0.3750,0.3750,46000,0
0195,BINACOM,D,20190508,0.3700,0.3750,0.3700,0.3750,113700,0
0195,BINACOM,D,20190509,0.3750,0.3750,0.3700,0.3700,77800,0
0195,BINACOM,D,20190510,0.3700,0.3800,0.3700,0.3800,76700,0
0195,BINACOM,D,20190513,0.3800,0.3800,0.3700,0.3700,114000,0
0195,BINACOM,D,20190514,0.3650,0.3650,0.3600,0.3650,197600,0
0195,BINACOM,D,20190515,0.3700,0.3700,0.3650,0.3700,167000,0
0195,BINACOM,D,20190516,0.3650,0.3650,0.3650,0.3650,15000,0
0195,BINACOM,D,20190517,0.3650,0.3650,0.3600,0.3600,166900,0
0195,BINACOM,D,20190521,0.3600,0.3700,0.3600,0.3650,39100,0
0195,BINACOM,D,20190523,0.3650,0.3650,0.3650,0.3650,21800,0
0195,BINACOM,D,20190524,0.3600,0.3650,0.3550,0.3600,66600,0
0195,BINACOM,D,20190527,0.3600,0.3600,0.3600,0.3600,21600,0
0195,BINACOM,D,20190528,0.3600,0.3600,0.3500,0.3500,140100,0
0195,BINACOM,D,20190529,0.3700,0.3700,0.3500,0.3500,5100,0
0195,BINACOM,D,20190530,0.3400,0.3400,0.3150,0.3300,504200,0
0195,BINACOM,D,20190531,0.3300,0.3300,0.3200,0.3200,130000,0
0195,BINACOM,D,20190603,0.3200,0.3200,0.3200,0.3200,58800,0
0195,BINACOM,D,20190604,0.3200,0.3200,0.3200,0.3200,13000,0
0195,BINACOM,D,20190607,0.3200,0.3200,0.3150,0.3150,260000,0
0195,BINACOM,D,20190610,0.3150,0.3200,0.3100,0.3100,448200,0
0195,BINACOM,D,20190611,0.3100,0.3100,0.3050,0.3050,330000,0
0195,BINACOM,D,20190612,0.3100,0.3350,0.3100,0.3300,443200,0
0195,BINACOM,D,20190613,0.3450,0.3600,0.3350,0.3450,1415700,0
0195,BINACOM,D,20190614,0.3350,0.3350,0.3300,0.3300,125200,0
0195,BINACOM,D,20190617,0.3300,0.3300,0.3200,0.3200,185600,0
0195,BINACOM,D,20190618,0.3150,0.3200,0.3150,0.3200,171000,0
0195,BINACOM,D,20190619,0.3200,0.3200,0.3200,0.3200,243000,0
0195,BINACOM,D,20190620,0.3150,0.3200,0.3100,0.3200,104000,0
0195,BINACOM,D,20190621,0.3150,0.3200,0.3150,0.3200,221600,0
0195,BINACOM,D,20190624,0.3150,0.3150,0.3150,0.3150,223800,0
0195,BINACOM,D,20190625,0.3150,0.3150,0.3100,0.3150,123100,0
0195,BINACOM,D,20190626,0.3150,0.3150,0.3100,0.3100,152400,0
0195,BINACOM,D,20190627,0.3100,0.3200,0.3100,0.3150,120100,0
0195,BINACOM,D,20190628,0.3150,0.3150,0.3150,0.3150,25000,0
0195,BINACOM,D,20190701,0.3200,0.3350,0.3200,0.3250,108000,0
0195,BINACOM,D,20190702,0.3250,0.3300,0.3200,0.3200,200700,0
0195,BINACOM,D,20190703,0.3200,0.3250,0.3200,0.3250,38700,0
0195,BINACOM,D,20190704,0.3250,0.3250,0.3200,0.3250,119800,0
0195,BINACOM,D,20190705,0.3250,0.3300,0.3250,0.3250,40000,0
0195,BINACOM,D,20190708,0.3250,0.3250,0.3200,0.3250,41200,0
0195,BINACOM,D,20190709,0.3250,0.3250,0.3200,0.3200,71900,0
0195,BINACOM,D,20190710,0.3150,0.3150,0.3100,0.3150,148800,0
0195,BINACOM,D,20190711,0.3150,0.3150,0.3100,0.3150,104700,0
0195,BINACOM,D,20190712,0.3150,0.3200,0.3150,0.3150,320400,0
0195,BINACOM,D,20190715,0.3250,0.3300,0.3250,0.3250,104200,0
0195,BINACOM,D,20190716,0.3200,0.3250,0.3200,0.3200,106600,0
0195,BINACOM,D,20190717,0.3200,0.3200,0.3150,0.3150,224100,0
0195,BINACOM,D,20190718,0.3150,0.3150,0.3100,0.3100,200000,0
0195,BINACOM,D,20190719,0.3150,0.3150,0.3100,0.3100,215800,0
0195,BINACOM,D,20190722,0.3150,0.3150,0.3100,0.3150,82100,0
0195,BINACOM,D,20190723,0.3150,0.3150,0.3100,0.3100,126700,0
0195,BINACOM,D,20190724,0.3150,0.3150,0.3000,0.3100,932400,0
0195,BINACOM,D,20190725,0.3100,0.3100,0.3000,0.3050,169100,0
0195,BINACOM,D,20190726,0.3050,0.3100,0.3050,0.3050,105500,0
0195,BINACOM,D,20190729,0.3100,0.3150,0.3100,0.3100,236000,0
0195,BINACOM,D,20190731,0.3100,0.3150,0.3100,0.3150,68000,0
0195,BINACOM,D,20190801,0.3100,0.3100,0.3050,0.3100,382500,0
0195,BINACOM,D,20190802,0.3150,0.3150,0.3100,0.3100,73000,0
0195,BINACOM,D,20190805,0.3100,0.3100,0.2950,0.3000,338600,0
0195,BINACOM,D,20190806,0.3000,0.3000,0.3000,0.3000,77600,0
0195,BINACOM,D,20190807,0.3000,0.3000,0.2900,0.2950,55000,0
0195,BINACOM,D,20190808,0.3000,0.3050,0.2950,0.3050,166500,0
0195,BINACOM,D,20190809,0.3100,0.3100,0.3100,0.3100,62800,0
0195,BINACOM,D,20190813,0.3000,0.3000,0.3000,0.3000,5000,0
0195,BINACOM,D,20190814,0.3050,0.3050,0.3000,0.3000,25000,0
0195,BINACOM,D,20190815,0.2950,0.2950,0.2900,0.2900,6500,0
0195,BINACOM,D,20190816,0.2900,0.3000,0.2900,0.3000,129200,0
0195,BINACOM,D,20190819,0.2950,0.2950,0.2950,0.2950,25900,0
0195,BINACOM,D,20190820,0.3000,0.3000,0.3000,0.3000,7000,0
0195,BINACOM,D,20190821,0.3000,0.3000,0.3000,0.3000,62100,0
0195,BINACOM,D,20190822,0.3000,0.3000,0.3000,0.3000,2500,0
0195,BINACOM,D,20190823,0.2950,0.3000,0.2950,0.2950,142000,0
0195,BINACOM,D,20190826,0.2950,0.3000,0.2900,0.3000,181300,0
0195,BINACOM,D,20190827,0.2950,0.3000,0.2950,0.3000,126900,0
0195,BINACOM,D,20190828,0.3100,0.3350,0.3000,0.3050,6502000,0
0195,BINACOM,D,20190829,0.3050,0.3050,0.2650,0.2700,3076500,0
0195,BINACOM,D,20190830,0.2700,0.2700,0.2450,0.2500,1528000,0
0195,BINACOM,D,20190903,0.2450,0.2450,0.2000,0.2100,5208900,0
0195,BINACOM,D,20190904,0.2150,0.2250,0.2150,0.2150,3010000,0
0195,BINACOM,D,20190905,0.2200,0.2300,0.2050,0.2100,1909800,0
0195,BINACOM,D,20190906,0.2100,0.2150,0.2000,0.2100,1529900,0
0195,BINACOM,D,20190910,0.2150,0.2200,0.2050,0.2050,1622800,0
0195,BINACOM,D,20190911,0.2050,0.2200,0.2050,0.2150,1056400,0
0195,BINACOM,D,20190912,0.2250,0.2500,0.2200,0.2450,3091600,0
0195,BINACOM,D,20190913,0.2500,0.2750,0.2500,0.2700,5096500,0
0195,BINACOM,D,20190917,0.2700,0.2800,0.2600,0.2750,2083700,0
0195,BINACOM,D,20190918,0.2750,0.2900,0.2700,0.2750,2491500,0
0195,BINACOM,D,20190919,0.2800,0.2800,0.2650,0.2650,1147100,0
0195,BINACOM,D,20190920,0.2650,0.2900,0.2650,0.2800,2568300,0
0195,BINACOM,D,20190923,0.2750,0.2800,0.2650,0.2750,767000,0
0195,BINACOM,D,20190924,0.2650,0.2650,0.2600,0.2600,578600,0
0195,BINACOM,D,20190925,0.2600,0.2650,0.2500,0.2500,1019700,0
0195,BINACOM,D,20190926,0.2500,0.2750,0.2500,0.2700,1462400,0
0195,BINACOM,D,20190927,0.2750,0.2750,0.2650,0.2700,409600,0
0195,BINACOM,D,20190930,0.2600,0.2600,0.2550,0.2550,425300,0
0195,BINACOM,D,20191001,0.2550,0.2750,0.2550,0.2700,1180200,0
0195,BINACOM,D,20191002,0.2700,0.2800,0.2600,0.2700,841200,0
0195,BINACOM,D,20191003,0.2650,0.2750,0.2600,0.2650,481100,0
0195,BINACOM,D,20191004,0.2700,0.2750,0.2600,0.2650,1104900,0
0195,BINACOM,D,20191007,0.2650,0.2900,0.2600,0.2750,3650300,0
0195,BINACOM,D,20191008,0.2750,0.2800,0.2700,0.2750,647700,0
0195,BINACOM,D,20191009,0.2700,0.2800,0.2700,0.2750,1381800,0
0195,BINACOM,D,20191010,0.2750,0.3200,0.2700,0.3150,7176400,0
0195,BINACOM,D,20191011,0.3150,0.3300,0.3050,0.3050,5588200,0
0195,BINACOM,D,20191014,0.3150,0.4150,0.3150,0.3950,30551400,0
0195,BINACOM,D,20191015,0.4000,0.4050,0.3550,0.3700,11227600,0
0195,BINACOM,D,20191016,0.3700,0.3900,0.3650,0.3750,3955000,0
0195,BINACOM,D,20191017,0.3750,0.4000,0.3650,0.3850,8241600,0
0195,BINACOM,D,20191018,0.3900,0.4000,0.3750,0.3750,3607100,0
0195,BINACOM,D,20191021,0.3750,0.3800,0.3550,0.3550,4255800,0
0195,BINACOM,D,20191022,0.3550,0.3800,0.3550,0.3650,3951100,0
0195,BINACOM,D,20191023,0.3700,0.3750,0.3650,0.3650,2069600,0
0195,BINACOM,D,20191024,0.3650,0.3900,0.3650,0.3800,6080400,0
0195,BINACOM,D,20191025,0.3850,0.3850,0.3700,0.3700,1259100,0
0195,BINACOM,D,20191029,0.3750,0.3750,0.3600,0.3700,1603600,0
0195,BINACOM,D,20191030,0.3700,0.4250,0.3650,0.4150,24811600,0
0195,BINACOM,D,20191031,0.4200,0.4200,0.3950,0.4000,7249000,0
0195,BINACOM,D,20191101,0.4000,0.4100,0.3850,0.3850,4898000,0
0195,BINACOM,D,20191104,0.3950,0.4050,0.3850,0.3950,5198100,0
0195,BINACOM,D,20191105,0.3950,0.3950,0.3800,0.3850,2612200,0
0195,BINACOM,D,20191106,0.3850,0.3900,0.3750,0.3850,1798300,0
0195,BINACOM,D,20191107,0.3850,0.4150,0.3800,0.4100,14482000,0
0195,BINACOM,D,20191108,0.4100,0.4100,0.3950,0.4050,3607700,0
0195,BINACOM,D,20191111,0.4050,0.4050,0.3900,0.3900,2403400,0
0195,BINACOM,D,20191112,0.3850,0.3900,0.3750,0.3800,3447500,0
0195,BINACOM,D,20191113,0.3800,0.3850,0.3800,0.3850,1519700,0
0195,BINACOM,D,20191114,0.3850,0.4050,0.3800,0.3850,5392600,0
0195,BINACOM,D,20191115,0.3900,0.3900,0.3800,0.3850,2156800,0
0195,BINACOM,D,20191118,0.3900,0.3900,0.3800,0.3800,1212900,0
0195,BINACOM,D,20191119,0.3850,0.3850,0.3750,0.3750,1248600,0
0195,BINACOM,D,20191120,0.3750,0.3950,0.3700,0.3800,4850500,0
0195,BINACOM,D,20191121,0.3750,0.3800,0.3750,0.3750,796600,0
0195,BINACOM,D,20191122,0.3750,0.3800,0.3350,0.3350,3381100,0
0195,BINACOM,D,20191125,0.3300,0.3500,0.3150,0.3200,3973100,0
0195,BINACOM,D,20191126,0.3250,0.3250,0.3050,0.3100,2841100,0
0195,BINACOM,D,20191127,0.3050,0.3100,0.2900,0.2900,3975800,0
0195,BINACOM,D,20191128,0.2900,0.3150,0.2850,0.3150,2127500,0
0195,BINACOM,D,20191129,0.3150,0.3150,0.2900,0.3000,1460100,0
0195,BINACOM,D,20191202,0.2950,0.3050,0.2900,0.3000,572100,0
0195,BINACOM,D,20191203,0.3000,0.3200,0.2950,0.3150,2034100,0
0195,BINACOM,D,20191204,0.3200,0.3350,0.3150,0.3250,1980400,0
0195,BINACOM,D,20191205,0.3300,0.3300,0.3200,0.3250,698000,0
0195,BINACOM,D,20191206,0.3300,0.3300,0.3150,0.3200,756600,0
0195,BINACOM,D,20191209,0.3150,0.3200,0.3150,0.3150,651500,0
0195,BINACOM,D,20191210,0.3150,0.3200,0.3100,0.3150,468800,0
0195,BINACOM,D,20191211,0.3150,0.3350,0.3100,0.3300,2112000,0
0195,BINACOM,D,20191212,0.3350,0.3400,0.3250,0.3300,2457900,0
0195,BINACOM,D,20191213,0.3300,0.3500,0.3250,0.3300,3676800,0
0195,BINACOM,D,20191216,0.3350,0.3600,0.3300,0.3500,7680700,0
0195,BINACOM,D,20191217,0.3550,0.3600,0.3400,0.3400,2229100,0
0195,BINACOM,D,20191218,0.3400,0.3500,0.3400,0.3400,1411700,0
0195,BINACOM,D,20191219,0.3350,0.3350,0.3200,0.3250,2829800,0
0195,BINACOM,D,20191220,0.3250,0.3250,0.3150,0.3250,1422600,0
0195,BINACOM,D,20191223,0.3200,0.3200,0.3150,0.3200,863400,0
0195,BINACOM,D,20191224,0.3200,0.3400,0.3200,0.3300,1297100,0
0195,BINACOM,D,20191226,0.3350,0.3350,0.3200,0.3250,1183300,0
0195,BINACOM,D,20191227,0.3250,0.3300,0.3200,0.3250,839200,0
0195,BINACOM,D,20191230,0.3250,0.3250,0.3150,0.3200,1498100,0
0195,BINACOM,D,20191231,0.3150,0.3250,0.3150,0.3250,463200,0
0195,BINACOM,D,20200102,0.3250,0.3600,0.3250,0.3600,10899000,0
0195,BINACOM,D,20200103,0.3700,0.3800,0.3600,0.3600,9879300,0
0195,BINACOM,D,20200106,0.3600,0.3800,0.3450,0.3750,7607100,0
0195,BINACOM,D,20200107,0.3750,0.3800,0.3700,0.3750,3423500,0
0195,BINACOM,D,20200108,0.3650,0.3700,0.3350,0.3500,3533400,0
0195,BINACOM,D,20200109,0.3550,0.3800,0.3550,0.3700,9919700,0
0195,BINACOM,D,20200110,0.3750,0.4000,0.3750,0.3850,19262000,0
0195,BINACOM,D,20200113,0.3900,0.3900,0.3800,0.3850,2898700,0
0195,BINACOM,D,20200114,0.3900,0.3950,0.3750,0.3750,4007200,0
0195,BINACOM,D,20200115,0.3750,0.3850,0.3700,0.3750,4008400,0
0195,BINACOM,D,20200116,0.3750,0.3850,0.3700,0.3750,1640000,0
0195,BINACOM,D,20200117,0.3700,0.3900,0.3700,0.3850,3681100,0
0195,BINACOM,D,20200120,0.3850,0.3850,0.3750,0.3800,2342300,0
0195,BINACOM,D,20200121,0.3800,0.3800,0.3650,0.3700,2151000,0
0195,BINACOM,D,20200122,0.3700,0.3700,0.3550,0.3650,2410600,0
0195,BINACOM,D,20200123,0.3650,0.3650,0.3500,0.3650,2073600,0
0195,BINACOM,D,20200124,0.3650,0.3650,0.3500,0.3500,1910600,0
0195,BINACOM,D,20200128,0.3500,0.3500,0.3300,0.3450,1843800,0
0195,BINACOM,D,20200129,0.3450,0.3600,0.3400,0.3600,1034700,0
0195,BINACOM,D,20200130,0.3650,0.3650,0.3500,0.3550,1594300,0
0195,BINACOM,D,20200131,0.3500,0.3550,0.3400,0.3400,2798700,0
0195,BINACOM,D,20200203,0.3400,0.3850,0.3300,0.3850,6866000,0
0195,BINACOM,D,20200204,0.3950,0.4650,0.3950,0.4650,42820700,0
0195,BINACOM,D,20200205,0.4700,0.5050,0.4500,0.4650,56311400,0
0195,BINACOM,D,20200206,0.4700,0.4850,0.4550,0.4750,15677900,0
0195,BINACOM,D,20200207,0.4700,0.5650,0.4600,0.5400,94359900,0
0195,BINACOM,D,20200210,0.5350,0.5800,0.5250,0.5400,38083800,0
0195,BINACOM,D,20200211,0.5500,0.5850,0.5400,0.5750,41245800,0
0195,BINACOM,D,20200212,0.5750,0.6000,0.5500,0.5650,47246100,0
0195,BINACOM,D,20200213,0.5700,0.5800,0.5400,0.5500,17416100,0
0195,BINACOM,D,20200214,0.5500,0.5650,0.5450,0.5600,16646800,0
0195,BINACOM,D,20200217,0.5600,0.5600,0.5150,0.5200,21797000,0
0195,BINACOM,D,20200218,0.5150,0.5400,0.4850,0.4950,17735500,0
0195,BINACOM,D,20200219,0.5000,0.5550,0.4950,0.5500,38306300,0
0195,BINACOM,D,20200220,0.5550,0.5550,0.5150,0.5200,15038200,0
0195,BINACOM,D,20200221,0.5200,0.5300,0.5100,0.5200,11022700,0
0195,BINACOM,D,20200224,0.4900,0.5000,0.4700,0.4750,14104800,0
0195,BINACOM,D,20200225,0.4650,0.5150,0.4550,0.5000,16098200,0
0195,BINACOM,D,20200226,0.4950,0.5200,0.4900,0.4900,13731500,0
0195,BINACOM,D,20200227,0.5000,0.5000,0.4600,0.4650,8361500,0
0195,BINACOM,D,20200228,0.4550,0.4550,0.4000,0.4250,16222700,0
0195,BINACOM,D,20200302,0.4100,0.4400,0.4000,0.4350,8982300,0
0195,BINACOM,D,20200303,0.4500,0.4500,0.4050,0.4100,8724400,0
0195,BINACOM,D,20200304,0.4050,0.4350,0.3950,0.4150,10503700,0
0195,BINACOM,D,20200305,0.4250,0.4650,0.4150,0.4550,22414100,0
0195,BINACOM,D,20200306,0.4500,0.4550,0.4300,0.4300,9906600,0
0195,BINACOM,D,20200309,0.4050,0.4100,0.3450,0.3500,12175100,0
0195,BINACOM,D,20200310,0.3400,0.3800,0.3350,0.3750,7865300,0
0195,BINACOM,D,20200311,0.3700,0.4000,0.3500,0.3600,9278900,0
0195,BINACOM,D,20200312,0.3500,0.3500,0.3250,0.3250,6609600,0
0195,BINACOM,D,20200313,0.3000,0.3350,0.2850,0.3150,7499500,0
0195,BINACOM,D,20200316,0.2950,0.3000,0.2500,0.2550,6220800,0
0195,BINACOM,D,20200317,0.2200,0.2650,0.2050,0.2550,5352300,0
0195,BINACOM,D,20200318,0.2600,0.2700,0.2200,0.2300,2849900,0
0195,BINACOM,D,20200319,0.2200,0.2300,0.1950,0.2100,3819800,0
0195,BINACOM,D,20200320,0.2200,0.2700,0.2150,0.2550,8827500,0
0195,BINACOM,D,20200323,0.2150,0.2450,0.2100,0.2200,4713200,0
0195,BINACOM,D,20200324,0.2350,0.2550,0.2300,0.2450,7815300,0
0195,BINACOM,D,20200325,0.2650,0.2750,0.2300,0.2500,7763500,0
0195,BINACOM,D,20200326,0.2550,0.2700,0.2450,0.2550,7516200,0
0195,BINACOM,D,20200327,0.2700,0.3000,0.2650,0.2800,15761800,0
0195,BINACOM,D,20200330,0.2650,0.2950,0.2650,0.2900,6382600,0
0195,BINACOM,D,20200331,0.3000,0.3150,0.2950,0.3100,8897800,0
0195,BINACOM,D,20200401,0.3150,0.3450,0.2900,0.2950,12920900,0
0195,BINACOM,D,20200402,0.2950,0.3200,0.2950,0.3200,7340500,0
0195,BINACOM,D,20200403,0.3250,0.3350,0.3100,0.3150,5632700,0
0195,BINACOM,D,20200406,0.3200,0.3450,0.3100,0.3350,10291300,0
0195,BINACOM,D,20200407,0.3500,0.3700,0.3450,0.3650,12603400,0
0195,BINACOM,D,20200408,0.3550,0.3750,0.3450,0.3450,7687500,0
0195,BINACOM,D,20200409,0.3650,0.3700,0.3500,0.3500,8192900,0
0195,BINACOM,D,20200410,0.3550,0.3550,0.3300,0.3400,4452500,0
0195,BINACOM,D,20200413,0.3350,0.3450,0.3200,0.3200,5349300,0
0195,BINACOM,D,20200414,0.3200,0.3500,0.3200,0.3350,10436200,0
0195,BINACOM,D,20200415,0.3400,0.3450,0.3250,0.3300,3670300,0
0195,BINACOM,D,20200416,0.3250,0.3600,0.3200,0.3500,7650500,0
0195,BINACOM,D,20200417,0.3650,0.3750,0.3500,0.3550,11452900,0
0195,BINACOM,D,20200420,0.3650,0.3850,0.3600,0.3750,12369400,0
0195,BINACOM,D,20200421,0.3700,0.3900,0.3600,0.3700,10051800,0
0195,BINACOM,D,20200422,0.3600,0.4100,0.3550,0.4100,16066200,0
0195,BINACOM,D,20200423,0.4300,0.4550,0.4150,0.4400,45784200,0
0195,BINACOM,D,20200424,0.4450,0.4550,0.4300,0.4350,13712400,0
0195,BINACOM,D,20200427,0.4350,0.4850,0.4250,0.4700,38220900,0
0195,BINACOM,D,20200428,0.4750,0.4800,0.4400,0.4550,14244700,0
0195,BINACOM,D,20200429,0.4550,0.4700,0.4500,0.4500,8718700,0
0195,BINACOM,D,20200430,0.4550,0.4750,0.4450,0.4500,9359300,0
0195,BINACOM,D,20200504,0.4450,0.4550,0.4300,0.4350,5000600,0
0195,BINACOM,D,20200505,0.4450,0.4650,0.4400,0.4600,12086500,0
0195,BINACOM,D,20200506,0.4600,0.4750,0.4500,0.4500,9119500,0
0195,BINACOM,D,20200508,0.4550,0.4900,0.4500,0.4700,26025300,0
0195,BINACOM,D,20200512,0.4750,0.4800,0.4600,0.4650,10557300,0
0195,BINACOM,D,20200513,0.4600,0.4800,0.4450,0.4500,11740800,0
0195,BINACOM,D,20200514,0.4500,0.4550,0.4250,0.4300,6319400,0
0195,BINACOM,D,20200515,0.4400,0.4550,0.4350,0.4400,10225700,0
0195,BINACOM,D,20200518,0.4550,0.4550,0.4250,0.4350,8299900,0
0195,BINACOM,D,20200519,0.4450,0.4650,0.4300,0.4400,22841000,0
0195,BINACOM,D,20200520,0.4300,0.4550,0.4300,0.4400,7448300,0
0195,BINACOM,D,20200521,0.4400,0.4500,0.4300,0.4300,4677300,0
0195,BINACOM,D,20200522,0.4300,0.4300,0.4000,0.4050,7374200,0
0195,BINACOM,D,20200527,0.4050,0.4250,0.4050,0.4100,4949300,0
0195,BINACOM,D,20200528,0.4150,0.4150,0.3800,0.3850,9372000,0
0195,BINACOM,D,20200529,0.3850,0.4000,0.3800,0.3950,8884500,0
0195,BINACOM,D,20200601,0.3950,0.4000,0.3800,0.3800,2770600,0
0195,BINACOM,D,20200602,0.3800,0.4550,0.3800,0.4300,28936000,0
0195,BINACOM,D,20200603,0.4450,0.4500,0.4000,0.4150,9221500,0
0195,BINACOM,D,20200604,0.4100,0.4100,0.3850,0.4000,5188000,0
0195,BINACOM,D,20200605,0.4000,0.4300,0.3900,0.4100,7434500,0
0195,BINACOM,D,20200609,0.4250,0.4250,0.4050,0.4100,4509200,0
0195,BINACOM,D,20200610,0.4150,0.4400,0.4100,0.4250,10217900,0
0195,BINACOM,D,20200611,0.4300,0.4300,0.3950,0.3950,5870900,0
0195,BINACOM,D,20200612,0.3800,0.4000,0.3600,0.3950,4376800,0
0195,BINACOM,D,20200615,0.4000,0.4000,0.3600,0.3600,5178900,0
0195,BINACOM,D,20200616,0.3750,0.3900,0.3750,0.3800,3150200,0
0195,BINACOM,D,20200617,0.3900,0.4200,0.3750,0.3950,10486600,0
0195,BINACOM,D,20200618,0.3950,0.4000,0.3800,0.3850,1933400,0
0195,BINACOM,D,20200619,0.3800,0.3950,0.3800,0.3850,1687600,0
0195,BINACOM,D,20200622,0.3850,0.3950,0.3800,0.3800,2792100,0
0195,BINACOM,D,20200623,0.3800,0.3900,0.3750,0.3850,1820100,0
0195,BINACOM,D,20200624,0.3900,0.4150,0.3900,0.3950,8147500,0
0195,BINACOM,D,20200625,0.3900,0.3950,0.3850,0.3850,1415200,0
0195,BINACOM,D,20200626,0.3900,0.3950,0.3800,0.3850,1429200,0
0195,BINACOM,D,20200629,0.3800,0.3850,0.3700,0.3800,1868400,0
0195,BINACOM,D,20200630,0.3800,0.3850,0.3750,0.3750,1633900,0
0195,BINACOM,D,20200701,0.3750,0.3950,0.3750,0.3900,2423000,0
0195,BINACOM,D,20200702,0.3850,0.4050,0.3850,0.3950,5976900,0
0195,BINACOM,D,20200703,0.3950,0.4100,0.3950,0.4000,4509300,0
0195,BINACOM,D,20200706,0.4000,0.4100,0.3950,0.4000,4224900,0
0195,BINACOM,D,20200707,0.4050,0.4050,0.3850,0.3850,2311000,0
0195,BINACOM,D,20200708,0.3850,0.3950,0.3850,0.3900,1761600,0
0195,BINACOM,D,20200709,0.3900,0.4050,0.3900,0.3950,3940500,0
0195,BINACOM,D,20200710,0.3950,0.4000,0.3850,0.3900,1090500,0
0195,BINACOM,D,20200713,0.3950,0.3950,0.3850,0.3850,1413700,0
0195,BINACOM,D,20200714,0.3850,0.3950,0.3800,0.3800,3006500,0
0195,BINACOM,D,20200715,0.3850,0.3900,0.3800,0.3800,1411000,0
0195,BINACOM,D,20200716,0.3800,0.3850,0.3750,0.3750,840200,0
0195,BINACOM,D,20200717,0.3750,0.3850,0.3750,0.3750,1217900,0
0195,BINACOM,D,20200720,0.3750,0.3800,0.3650,0.3700,1608000,0
0195,BINACOM,D,20200721,0.3750,0.3850,0.3700,0.3700,1173600,0
0195,BINACOM,D,20200722,0.3800,0.4000,0.3750,0.3850,5383000,0
0195,BINACOM,D,20200723,0.3850,0.3950,0.3750,0.3850,1588800,0
0195,BINACOM,D,20200724,0.3900,0.4050,0.3800,0.3800,7020100,0
0195,BINACOM,D,20200727,0.3900,0.3950,0.3800,0.3900,2386900,0
0195,BINACOM,D,20200728,0.3900,0.3950,0.3800,0.3800,3952900,0
0195,BINACOM,D,20200729,0.3800,0.3850,0.3750,0.3750,2035800,0
0195,BINACOM,D,20200730,0.3750,0.3800,0.3650,0.3700,2883800,0
0195,BINACOM,D,20200803,0.3750,0.3800,0.3700,0.3700,2283300,0
0195,BINACOM,D,20200804,0.3700,0.3800,0.3700,0.3750,3454600,0
0195,BINACOM,D,20200805,0.3800,0.4000,0.3800,0.4000,7067800,0
0195,BINACOM,D,20200806,0.4200,0.4350,0.4100,0.4300,16829600,0
0195,BINACOM,D,20200807,0.4300,0.4350,0.3900,0.3950,4513700,0
0195,BINACOM,D,20200810,0.3950,0.3950,0.3800,0.3900,2063200,0
0195,BINACOM,D,20200811,0.3900,0.3900,0.3850,0.3900,2563600,0
0195,BINACOM,D,20200812,0.3900,0.3900,0.3750,0.3800,1971500,0
0195,BINACOM,D,20200813,0.3800,0.3900,0.3800,0.3800,949600,0
0195,BINACOM,D,20200814,0.3850,0.3850,0.3700,0.3700,1862800,0
0195,BINACOM,D,20200817,0.3700,0.3800,0.3700,0.3750,424900,0
0195,BINACOM,D,20200818,0.3750,0.3750,0.3650,0.3700,1862200,0
0195,BINACOM,D,20200819,0.3700,0.3850,0.3700,0.3800,3087600,0
0195,BINACOM,D,20200821,0.3750,0.3850,0.3750,0.3800,1135000,0
0195,BINACOM,D,20200824,0.3800,0.3950,0.3750,0.3850,3058900,0
0195,BINACOM,D,20200825,0.3850,0.3850,0.3700,0.3750,1335000,0
0195,BINACOM,D,20200826,0.3750,0.3800,0.3700,0.3800,803000,0
0195,BINACOM,D,20200827,0.3800,0.3800,0.3700,0.3700,1465000,0
0195,BINACOM,D,20200828,0.3800,0.3900,0.3750,0.3850,2560200,0
0195,BINACOM,D,20200901,0.3950,0.4250,0.3850,0.4050,13840200,0
0195,BINACOM,D,20200902,0.4100,0.4150,0.3950,0.3950,3062400,0
0195,BINACOM,D,20200903,0.3950,0.4000,0.3800,0.3850,1793800,0
0195,BINACOM,D,20200904,0.3750,0.3850,0.3700,0.3750,2591400,0
0195,BINACOM,D,20200907,0.3750,0.3850,0.3750,0.3750,842100,0
0195,BINACOM,D,20200908,0.3750,0.3800,0.3700,0.3700,1971100,0
0195,BINACOM,D,20200909,0.3750,0.3800,0.3700,0.3750,1181200,0
0195,BINACOM,D,20200910,0.3800,0.3800,0.3650,0.3650,2401100,0
0195,BINACOM,D,20200911,0.3600,0.3750,0.3600,0.3700,809200,0
0195,BINACOM,D,20200914,0.3700,0.3750,0.3650,0.3750,1192300,0
0195,BINACOM,D,20200915,0.3750,0.3750,0.3750,0.3750,607000,0
0195,BINACOM,D,20200917,0.3800,0.3800,0.3700,0.3700,441600,0
0195,BINACOM,D,20200918,0.3750,0.3750,0.3700,0.3700,900000,0
0195,BINACOM,D,20200921,0.3700,0.3750,0.3650,0.3650,908900,0
0195,BINACOM,D,20200922,0.3650,0.3650,0.3600,0.3600,443000,0
0195,BINACOM,D,20200923,0.3600,0.3600,0.3450,0.3550,1260900,0
0195,BINACOM,D,20200924,0.3500,0.3500,0.3400,0.3400,759300,0
0195,BINACOM,D,20200925,0.3400,0.3500,0.3350,0.3400,760800,0
0195,BINACOM,D,20200928,0.3400,0.3450,0.3350,0.3450,512100,0
0195,BINACOM,D,20200929,0.3450,0.3500,0.3350,0.3350,279900,0
0195,BINACOM,D,20200930,0.3350,0.3400,0.3300,0.3350,352500,0
0195,BINACOM,D,20201001,0.3350,0.3400,0.3250,0.3350,132500,0
0195,BINACOM,D,20201002,0.3300,0.3350,0.3100,0.3150,935500,0
0195,BINACOM,D,20201005,0.3250,0.3300,0.3050,0.3050,2409800,0
0195,BINACOM,D,20201006,0.3050,0.3150,0.3050,0.3100,1708100,0
0195,BINACOM,D,20201007,0.3100,0.3200,0.3050,0.3150,891800,0
0195,BINACOM,D,20201008,0.3150,0.3150,0.3100,0.3150,574500,0
0195,BINACOM,D,20201009,0.3100,0.3400,0.3100,0.3350,3529800,0
0195,BINACOM,D,20201012,0.3350,0.3350,0.3200,0.3200,561800,0
0195,BINACOM,D,20201013,0.3200,0.3200,0.3150,0.3200,962400,0
0195,BINACOM,D,20201014,0.3150,0.3250,0.3150,0.3250,664100,0
0195,BINACOM,D,20201015,0.3200,0.3250,0.3150,0.3200,339700,0
0195,BINACOM,D,20201016,0.3200,0.3350,0.3200,0.3350,1149100,0
0195,BINACOM,D,20201019,0.3350,0.3500,0.3300,0.3450,1548200,0
0195,BINACOM,D,20201020,0.3450,0.3450,0.3300,0.3300,761900,0
0195,BINACOM,D,20201021,0.3300,0.3300,0.3200,0.3250,448400,0
0195,BINACOM,D,20201022,0.3250,0.3300,0.3200,0.3200,127500,0
0195,BINACOM,D,20201023,0.3300,0.3300,0.3100,0.3150,885700,0
0195,BINACOM,D,20201026,0.3150,0.3200,0.3100,0.3150,257300,0
0195,BINACOM,D,20201027,0.3100,0.3150,0.3050,0.3150,209800,0
0195,BINACOM,D,20201028,0.3100,0.3150,0.3050,0.3050,894700,0
0195,BINACOM,D,20201030,0.3100,0.3100,0.2900,0.2950,909500,0
0195,BINACOM,D,20201102,0.2900,0.3050,0.2850,0.3050,526100,0
0195,BINACOM,D,20201103,0.3050,0.3250,0.3050,0.3150,804900,0
0195,BINACOM,D,20201104,0.3150,0.3200,0.3100,0.3200,762000,0
0195,BINACOM,D,20201105,0.3200,0.3450,0.3200,0.3450,2135500,0
0195,BINACOM,D,20201106,0.3500,0.3750,0.3350,0.3650,12459900,0
0195,BINACOM,D,20201109,0.3750,0.3750,0.3450,0.3500,3226500,0
0195,BINACOM,D,20201110,0.3450,0.3450,0.3350,0.3400,1204900,0
0195,BINACOM,D,20201111,0.3450,0.3450,0.3350,0.3350,1092400,0
0195,BINACOM,D,20201112,0.3450,0.3450,0.3350,0.3400,1822400,0
0195,BINACOM,D,20201113,0.3450,0.3550,0.3400,0.3550,1310100,0
0195,BINACOM,D,20201116,0.3600,0.3600,0.3400,0.3500,1211300,0
0195,BINACOM,D,20201117,0.3450,0.3450,0.3350,0.3450,950700,0
0195,BINACOM,D,20201118,0.3450,0.3750,0.3450,0.3600,6938600,0
0195,BINACOM,D,20201119,0.3650,0.3900,0.3650,0.3750,12725500,0
0195,BINACOM,D,20201120,0.3800,0.3800,0.3550,0.3550,2336800,0
0195,BINACOM,D,20201123,0.3550,0.3650,0.3500,0.3500,1202800,0
0195,BINACOM,D,20201124,0.3550,0.3550,0.3400,0.3450,1766500,0
0195,BINACOM,D,20201125,0.3500,0.3600,0.3450,0.3600,1273700,0
0195,BINACOM,D,20201126,0.3650,0.3800,0.3500,0.3650,4929000,0
0195,BINACOM,D,20201127,0.3650,0.3650,0.3550,0.3550,982200,0
0195,BINACOM,D,20201130,0.3600,0.3650,0.3600,0.3600,538500,0
0195,BINACOM,D,20201201,0.3600,0.3650,0.3600,0.3600,1407900,0
0195,BINACOM,D,20201202,0.3700,0.3800,0.3700,0.3800,2473600,0
0195,BINACOM,D,20201203,0.3850,0.4000,0.3750,0.3850,7082200,0
0195,BINACOM,D,20201204,0.3850,0.3900,0.3800,0.3850,2585100,0
0195,BINACOM,D,20201207,0.3850,0.3900,0.3800,0.3850,1829000,0
0195,BINACOM,D,20201208,0.3900,0.3900,0.3800,0.3800,1373000,0
0195,BINACOM,D,20201209,0.3850,0.3850,0.3700,0.3750,1481600,0
0195,BINACOM,D,20201210,0.3750,0.3800,0.3700,0.3700,766300,0
0195,BINACOM,D,20201211,0.3750,0.3900,0.3700,0.3850,2194600,0
0195,BINACOM,D,20201214,0.3900,0.3900,0.3750,0.3800,2237400,0
0195,BINACOM,D,20201215,0.3800,0.3850,0.3750,0.3800,1367800,0
0195,BINACOM,D,20201216,0.3800,0.3850,0.3750,0.3800,635000,0
0195,BINACOM,D,20201217,0.3750,0.3800,0.3650,0.3700,1276800,0
0195,BINACOM,D,20201218,0.3700,0.3700,0.3600,0.3700,987100,0
0195,BINACOM,D,20201221,0.3700,0.3750,0.3650,0.3650,347000,0
0195,BINACOM,D,20201222,0.3650,0.3750,0.3550,0.3650,1050800,0
0195,BINACOM,D,20201223,0.3600,0.3700,0.3600,0.3700,198200,0
0195,BINACOM,D,20201224,0.3600,0.3650,0.3600,0.3600,311400,0
0195,BINACOM,D,20201228,0.3600,0.3700,0.3600,0.3700,596800,0
0195,BINACOM,D,20201229,0.3700,0.3800,0.3700,0.3800,1265600,0
0195,BINACOM,D,20201230,0.3800,0.4100,0.3750,0.4000,12189400,0
0195,BINACOM,D,20201231,0.4050,0.4050,0.3900,0.3950,2147600,0
0195,BINACOM,D,20210104,0.4000,0.4000,0.3850,0.3900,2143600,0
0195,BINACOM,D,20210105,0.3900,0.4250,0.3850,0.4200,9695500,0
0195,BINACOM,D,20210106,0.4250,0.4300,0.3900,0.4000,7172300,0
0195,BINACOM,D,20210107,0.4000,0.4050,0.3800,0.3850,3410000,0
0195,BINACOM,D,20210108,0.3850,0.3950,0.3550,0.3550,5429400,0
0195,BINACOM,D,20210111,0.3550,0.3750,0.3450,0.3650,2183800,0
0195,BINACOM,D,20210112,0.3650,0.3850,0.3550,0.3800,1350400,0
0195,BINACOM,D,20210113,0.3850,0.3900,0.3800,0.3850,889900,0
0195,BINACOM,D,20210114,0.3900,0.4050,0.3800,0.3900,4752600,0
0195,BINACOM,D,20210115,0.4000,0.4000,0.3850,0.3900,606100,0
0195,BINACOM,D,20210118,0.3800,0.3950,0.3750,0.3850,1997700,0
0195,BINACOM,D,20210119,0.3800,0.3900,0.3750,0.3750,955200,0
0195,BINACOM,D,20210120,0.3800,0.3950,0.3750,0.3900,3202400,0
0195,BINACOM,D,20210121,0.3900,0.4000,0.3850,0.3950,6195300,0
0195,BINACOM,D,20210122,0.3950,0.4250,0.3950,0.4100,17664500,0
0195,BINACOM,D,20210125,0.4100,0.4250,0.3800,0.3900,7371400,0
0195,BINACOM,D,20210126,0.3900,0.3950,0.3800,0.3800,1601700,0
0195,BINACOM,D,20210127,0.3800,0.3950,0.3800,0.3900,2554300,0
0195,BINACOM,D,20210129,0.3900,0.3900,0.3750,0.3750,2105700,0
0195,BINACOM,D,20210202,0.3750,0.3850,0.3700,0.3700,1780800,0
0195,BINACOM,D,20210203,0.3750,0.3850,0.3750,0.3800,1684200,0
0195,BINACOM,D,20210204,0.3800,0.3850,0.3750,0.3800,781200,0
0195,BINACOM,D,20210205,0.3850,0.3850,0.3800,0.3850,1068400,0
0195,BINACOM,D,20210208,0.3850,0.4000,0.3800,0.3950,4168900,0
0195,BINACOM,D,20210209,0.4000,0.4850,0.3950,0.4400,94991100,0
0195,BINACOM,D,20210210,0.4400,0.4450,0.4150,0.4150,18815200,0
0195,BINACOM,D,20210211,0.4250,0.4250,0.4100,0.4150,2444200,0
0195,BINACOM,D,20210215,0.4050,0.4400,0.4000,0.4350,18226800,0
0195,BINACOM,D,20210216,0.4400,0.4450,0.4200,0.4200,7392900,0
0195,BINACOM,D,20210217,0.4200,0.4300,0.4100,0.4150,5181700,0
0195,BINACOM,D,20210218,0.4200,0.4250,0.4050,0.4100,4143800,0
0195,BINACOM,D,20210219,0.4150,0.4700,0.4150,0.4700,47636800,0
0195,BINACOM,D,20210222,0.4800,0.5150,0.4450,0.4450,48886600,0
0195,BINACOM,D,20210223,0.4500,0.4650,0.4450,0.4650,7781100,0
0195,BINACOM,D,20210224,0.4700,0.4700,0.4200,0.4300,10090100,0
0195,BINACOM,D,20210225,0.4350,0.4400,0.4150,0.4200,8511700,0
0195,BINACOM,D,20210226,0.4150,0.4200,0.4000,0.4100,6079300,0
0195,BINACOM,D,20210301,0.4100,0.4250,0.4000,0.4150,5337000,0
0195,BINACOM,D,20210302,0.4200,0.4300,0.4050,0.4050,6619300,0
0195,BINACOM,D,20210303,0.4100,0.4150,0.4000,0.4050,1961100,0
0195,BINACOM,D,20210304,0.4050,0.4200,0.4050,0.4150,2705700,0
0195,BINACOM,D,20210305,0.4150,0.4200,0.4100,0.4100,1548000,0
0195,BINACOM,D,20210308,0.4150,0.4200,0.4100,0.4150,1634000,0
0195,BINACOM,D,20210309,0.4150,0.4200,0.4100,0.4150,2217800,0
0195,BINACOM,D,20210310,0.4200,0.4450,0.4200,0.4400,7763800,0
0195,BINACOM,D,20210311,0.4500,0.4500,0.4300,0.4400,3148400,0
0195,BINACOM,D,20210312,0.4400,0.4700,0.4350,0.4400,14136100,0
0195,BINACOM,D,20210315,0.4450,0.4450,0.4300,0.4300,2063800,0
0195,BINACOM,D,20210316,0.4350,0.4350,0.4200,0.4200,1652300,0
0195,BINACOM,D,20210317,0.4200,0.4250,0.4100,0.4200,1876900,0
0195,BINACOM,D,20210318,0.4250,0.4350,0.4200,0.4200,1946300,0
0195,BINACOM,D,20210319,0.4200,0.4350,0.4150,0.4250,1465900,0
0195,BINACOM,D,20210322,0.4250,0.4250,0.4200,0.4200,982900,0
0195,BINACOM,D,20210323,0.4250,0.4250,0.4050,0.4100,2178200,0
0195,BINACOM,D,20210324,0.4100,0.4200,0.4050,0.4100,1766300,0
0195,BINACOM,D,20210325,0.4150,0.4150,0.4050,0.4100,771400,0
0195,BINACOM,D,20210326,0.4100,0.4300,0.4100,0.4200,2441100,0
0195,BINACOM,D,20210329,0.4250,0.4250,0.4100,0.4100,933900,0
0195,BINACOM,D,20210330,0.4150,0.4150,0.4050,0.4100,688000,0
0195,BINACOM,D,20210331,0.4100,0.4250,0.4000,0.4050,3194900,0
0195,BINACOM,D,20210401,0.4100,0.4100,0.4000,0.4000,932500,0
0195,BINACOM,D,20210402,0.4000,0.4100,0.4000,0.4050,636400,0
0195,BINACOM,D,20210405,0.4050,0.4100,0.4000,0.4050,688000,0
0195,BINACOM,D,20210406,0.4050,0.4050,0.4000,0.4000,1147300,0
0195,BINACOM,D,20210407,0.4000,0.4000,0.3900,0.4000,1835300,0
0195,BINACOM,D,20210408,0.4000,0.4350,0.4000,0.4300,4637600,0
0195,BINACOM,D,20210409,0.4250,0.4350,0.4100,0.4150,6209700,0
0195,BINACOM,D,20210412,0.4250,0.4300,0.4150,0.4200,2617900,0
0195,BINACOM,D,20210413,0.4200,0.4400,0.4100,0.4250,10578000,0
0195,BINACOM,D,20210414,0.4200,0.4350,0.4200,0.4300,2612600,0
0195,BINACOM,D,20210415,0.4300,0.4300,0.4100,0.4100,2569000,0
0195,BINACOM,D,20210416,0.4100,0.4200,0.4100,0.4200,1258700,0
0195,BINACOM,D,20210419,0.4150,0.4250,0.4050,0.4150,3673000,0
0195,BINACOM,D,20210420,0.4100,0.4150,0.4100,0.4100,1355300,0
0195,BINACOM,D,20210421,0.4100,0.4200,0.4050,0.4100,2301600,0
0195,BINACOM,D,20210422,0.4100,0.4150,0.4050,0.4100,1082900,0
0195,BINACOM,D,20210423,0.4150,0.4150,0.4050,0.4050,1186500,0
0195,BINACOM,D,20210426,0.4050,0.4100,0.4000,0.4050,1434000,0
0195,BINACOM,D,20210427,0.4050,0.4050,0.3950,0.4000,1852100,0
0195,BINACOM,D,20210428,0.4000,0.4050,0.4000,0.4050,654400,0
0195,BINACOM,D,20210430,0.4000,0.4000,0.4000,0.4000,488500,0
0195,BINACOM,D,20210503,0.3950,0.4100,0.3950,0.3950,1402400,0
0195,BINACOM,D,20210504,0.4000,0.4050,0.3950,0.3950,860200,0
0195,BINACOM,D,20210505,0.4000,0.4000,0.3900,0.3900,604000,0
0195,BINACOM,D,20210506,0.3900,0.3950,0.3850,0.3900,1414400,0
0195,BINACOM,D,20210507,0.3900,0.3950,0.3850,0.3950,1044900,0
0195,BINACOM,D,20210510,0.3950,0.3950,0.3850,0.3950,726000,0
0195,BINACOM,D,20210511,0.3900,0.3900,0.3800,0.3900,994300,0
0195,BINACOM,D,20210512,0.3800,0.3850,0.3800,0.3850,106200,0
0195,BINACOM,D,20210517,0.3850,0.3850,0.3600,0.3650,1575200,0
0195,BINACOM,D,20210518,0.3650,0.3800,0.3600,0.3800,575400,0
0195,BINACOM,D,20210519,0.3800,0.3800,0.3600,0.3600,598900,0
0195,BINACOM,D,20210520,0.3600,0.3650,0.3450,0.3450,2774400,0
0195,BINACOM,D,20210521,0.3400,0.3500,0.3350,0.3500,1198000,0
0195,BINACOM,D,20210524,0.3500,0.3600,0.3400,0.3600,1127400,0
0195,BINACOM,D,20210525,0.3600,0.3650,0.3550,0.3650,1453700,0
0195,BINACOM,D,20210527,0.3650,0.3700,0.3500,0.3550,880100,0
0195,BINACOM,D,20210528,0.3600,0.3600,0.3450,0.3500,1218800,0
0195,BINACOM,D,20210531,0.3300,0.3400,0.3100,0.3400,1420000,0
0195,BINACOM,D,20210601,0.3400,0.3450,0.3300,0.3400,514900,0
0195,BINACOM,D,20210602,0.3300,0.3400,0.3300,0.3350,200900,0
0195,BINACOM,D,20210603,0.3450,0.3500,0.3450,0.3500,340700,0
0195,BINACOM,D,20210604,0.3500,0.3550,0.3500,0.3500,990100,0
0195,BINACOM,D,20210608,0.3550,0.3600,0.3500,0.3500,498100,0
0195,BINACOM,D,20210609,0.3500,0.3550,0.3500,0.3500,179100,0
0195,BINACOM,D,20210610,0.3500,0.3500,0.3450,0.3500,250200,0
0195,BINACOM,D,20210611,0.3500,0.3550,0.3450,0.3500,114000,0
0195,BINACOM,D,20210614,0.3450,0.3500,0.3400,0.3450,481400,0
0195,BINACOM,D,20210615,0.3450,0.3550,0.3450,0.3550,147600,0
0195,BINACOM,D,20210616,0.3550,0.3550,0.3450,0.3450,489000,0
0195,BINACOM,D,20210617,0.3450,0.3450,0.3450,0.3450,282000,0
0195,BINACOM,D,20210618,0.3450,0.3450,0.3450,0.3450,176500,0
0195,BINACOM,D,20210621,0.3450,0.3450,0.3400,0.3450,142500,0
0195,BINACOM,D,20210622,0.3450,0.3500,0.3450,0.3450,232800,0
0195,BINACOM,D,20210623,0.3450,0.3500,0.3450,0.3500,135600,0
0195,BINACOM,D,20210624,0.3650,0.3650,0.3500,0.3500,1991000,0
0195,BINACOM,D,20210625,0.3500,0.3550,0.3450,0.3400,674500,0
0195,BINACOM,D,20210628,0.3350,0.3400,0.3300,0.3350,465200,0
0195,BINACOM,D,20210629,0.3350,0.3350,0.3300,0.3300,176400,0
0195,BINACOM,D,20210630,0.3300,0.3350,0.3300,0.3350,121400,0
0195,BINACOM,D,20210701,0.3300,0.3350,0.3300,0.3350,264900,0
0195,BINACOM,D,20210702,0.3350,0.3450,0.3300,0.3450,312600,0
0195,BINACOM,D,20210705,0.3450,0.3500,0.3350,0.3500,593500,0
0195,BINACOM,D,20210706,0.3500,0.3550,0.3400,0.3400,448800,0
0195,BINACOM,D,20210707,0.3400,0.3450,0.3400,0.3450,63100,0
0195,BINACOM,D,20210708,0.3400,0.3400,0.3250,0.3300,713600,0
0195,BINACOM,D,20210709,0.3300,0.3350,0.3300,0.3300,263900,0
0195,BINACOM,D,20210712,0.3300,0.3400,0.3300,0.3300,302300,0
0195,BINACOM,D,20210713,0.3300,0.3350,0.3250,0.3250,446000,0
0195,BINACOM,D,20210714,0.3250,0.3250,0.3150,0.3200,366100,0
0195,BINACOM,D,20210715,0.3200,0.3250,0.3000,0.3150,932700,0
0195,BINACOM,D,20210716,0.3200,0.3200,0.3150,0.3200,349200,0
0195,BINACOM,D,20210719,0.3200,0.3500,0.3200,0.3400,1325500,0
0195,BINACOM,D,20210721,0.3450,0.3450,0.3250,0.3300,503000,0
0195,BINACOM,D,20210722,0.3250,0.3500,0.3250,0.3450,838300,0
0195,BINACOM,D,20210723,0.3450,0.3550,0.3450,0.3550,1271500,0
0195,BINACOM,D,20210726,0.3550,0.3550,0.3400,0.3400,289000,0
0195,BINACOM,D,20210727,0.3400,0.3400,0.3250,0.3350,291600,0
0195,BINACOM,D,20210728,0.3300,0.3350,0.3300,0.3300,158000,0
0195,BINACOM,D,20210729,0.3250,0.3300,0.3250,0.3250,161000,0
0195,BINACOM,D,20210730,0.3250,0.3300,0.3250,0.3250,44400,0
0195,BINACOM,D,20210802,0.3250,0.3250,0.3250,0.3250,71000,0
0195,BINACOM,D,20210803,0.3250,0.3300,0.3200,0.3300,126200,0
0195,BINACOM,D,20210804,0.3300,0.3300,0.3250,0.3250,102100,0
0195,BINACOM,D,20210805,0.3250,0.3250,0.3250,0.3250,75000,0
0195,BINACOM,D,20210806,0.3250,0.3300,0.3250,0.3300,208800,0
0195,BINACOM,D,20210809,0.3250,0.3250,0.3200,0.3200,235000,0
0195,BINACOM,D,20210811,0.3200,0.3250,0.3200,0.3250,88100,0
0195,BINACOM,D,20210812,0.3200,0.3200,0.3150,0.3200,48000,0
0195,BINACOM,D,20210813,0.3250,0.3350,0.3200,0.3200,253200,0
0195,BINACOM,D,20210816,0.3200,0.3200,0.3150,0.3150,65100,0
0195,BINACOM,D,20210817,0.3150,0.3250,0.3150,0.3150,223800,0
0195,BINACOM,D,20210818,0.3150,0.3200,0.3150,0.3150,73300,0
0195,BINACOM,D,20210819,0.3150,0.3200,0.3100,0.3200,253000,0
0195,BINACOM,D,20210820,0.3200,0.3200,0.3150,0.3200,140000,0
0195,BINACOM,D,20210823,0.3200,0.3250,0.3200,0.3250,82700,0
0195,BINACOM,D,20210824,0.3250,0.3350,0.3250,0.3350,524900,0
0195,BINACOM,D,20210825,0.3350,0.3400,0.3300,0.3300,454800,0
0195,BINACOM,D,20210826,0.3300,0.3300,0.3300,0.3300,58000,0
0195,BINACOM,D,20210827,0.3300,0.3300,0.3200,0.3250,104500,0
0195,BINACOM,D,20210830,0.3250,0.3400,0.3250,0.3350,315000,0
0195,BINACOM,D,20210901,0.3350,0.3400,0.3350,0.3400,232200,0
0195,BINACOM,D,20210902,0.3400,0.3450,0.3350,0.3450,286200,0
0195,BINACOM,D,20210903,0.3450,0.3500,0.3400,0.3450,168900,0
0195,BINACOM,D,20210906,0.3500,0.3550,0.3400,0.3500,580200,0
0195,BINACOM,D,20210907,0.3500,0.3550,0.3400,0.3550,475900,0
0195,BINACOM,D,20210908,0.3550,0.3550,0.3400,0.3450,173700,0
0195,BINACOM,D,20210909,0.3450,0.3450,0.3400,0.3400,225900,0
0195,BINACOM,D,20210910,0.3400,0.3400,0.3400,0.3400,158800,0
0195,BINACOM,D,20210913,0.3400,0.3550,0.3400,0.3500,791100,0
0195,BINACOM,D,20210914,0.3500,0.3550,0.3400,0.3400,782500,0
0195,BINACOM,D,20210915,0.3450,0.3450,0.3350,0.3400,250400,0
0195,BINACOM,D,20210917,0.3450,0.3750,0.3400,0.3700,9635200,0
0195,BINACOM,D,20210920,0.3750,0.3850,0.3450,0.3450,6209500,0
0195,BINACOM,D,20210921,0.3400,0.3550,0.3400,0.3550,1135400,0
0195,BINACOM,D,20210922,0.3550,0.4650,0.3450,0.4300,112320700,0
0195,BINACOM,D,20210923,0.4150,0.4450,0.3750,0.3750,59402200,0
0195,BINACOM,D,20210924,0.3800,0.3950,0.3650,0.3900,22217400,0
0195,BINACOM,D,20210927,0.3950,0.4150,0.3850,0.3900,20288400,0
0195,BINACOM,D,20210928,0.3900,0.4000,0.3750,0.3750,13638800,0
0195,BINACOM,D,20210929,0.3750,0.3850,0.3700,0.3750,10088000,0
0195,BINACOM,D,20210930,0.3750,0.3900,0.3700,0.3800,13490300,0
0195,BINACOM,D,20211001,0.3800,0.4000,0.3800,0.3900,22330000,0
0195,BINACOM,D,20211004,0.3950,0.4350,0.3950,0.4050,59445400,0
0195,BINACOM,D,20211005,0.4100,0.4100,0.3850,0.3950,9750200,0
0195,BINACOM,D,20211006,0.4000,0.4000,0.3850,0.3950,12367600,0
0195,BINACOM,D,20211007,0.3950,0.4000,0.3800,0.3900,14633700,0
0195,BINACOM,D,20211008,0.4000,0.4100,0.3900,0.3950,16162200,0
0195,BINACOM,D,20211011,0.4000,0.4100,0.3900,0.4000,6050200,0
0195,BINACOM,D,20211012,0.3950,0.4050,0.3850,0.3950,10261300,0
0195,BINACOM,D,20211013,0.3950,0.4050,0.3900,0.3950,5052700,0
0195,BINACOM,D,20211014,0.3900,0.3900,0.3700,0.3700,7071200,0
0195,BINACOM,D,20211015,0.3700,0.3800,0.3700,0.3750,3693700,0
0195,BINACOM,D,20211018,0.3800,0.3800,0.3650,0.3650,2384200,0
0195,BINACOM,D,20211020,0.3650,0.3700,0.3550,0.3550,6817000,0
0195,BINACOM,D,20211021,0.3550,0.3600,0.3500,0.3550,2894300,0
0195,BINACOM,D,20211022,0.3550,0.3750,0.3550,0.3750,5948200,0
0195,BINACOM,D,20211025,0.3800,0.3850,0.3650,0.3700,4176600,0
0195,BINACOM,D,20211026,0.3750,0.3750,0.3600,0.3650,1147400,0
0195,BINACOM,D,20211027,0.3650,0.3900,0.3600,0.3900,11117100,0
0195,BINACOM,D,20211028,0.3950,0.4000,0.3800,0.3800,6233600,0
0195,BINACOM,D,20211029,0.3800,0.3900,0.3800,0.3900,2915400,0
0195,BINACOM,D,20211101,0.3800,0.3900,0.3700,0.3700,5055300,0
0195,BINACOM,D,20211102,0.3700,0.3750,0.3600,0.3650,2576400,0
0195,BINACOM,D,20211103,0.3650,0.3700,0.3600,0.3600,1776500,0
0195,BINACOM,D,20211105,0.3600,0.3600,0.3500,0.3600,3074100,0
0195,BINACOM,D,20211108,0.3600,0.3600,0.3500,0.3600,1388100,0
0195,BINACOM,D,20211109,0.3550,0.3550,0.3500,0.3550,1636200,0
0195,BINACOM,D,20211110,0.3550,0.3600,0.3500,0.3500,2734300,0
0195,BINACOM,D,20211111,0.3500,0.3500,0.3400,0.3450,2809000,0
0195,BINACOM,D,20211112,0.3450,0.3500,0.3450,0.3500,956800,0
0195,BINACOM,D,20211115,0.3500,0.3500,0.3400,0.3400,632300,0
0195,BINACOM,D,20211116,0.3450,0.3500,0.3400,0.3400,1503900,0
0195,BINACOM,D,20211117,0.3400,0.3400,0.3250,0.3300,3601600,0
0195,BINACOM,D,20211118,0.3250,0.3300,0.3250,0.3250,1306500,0
0195,BINACOM,D,20211119,0.3250,0.3300,0.3250,0.3300,974200,0
